id,first_name,last_name,email,ip_address
1,Giffy,Soutter,gsoutter0@arizona.edu,165.82.71.24
2,Bobby,Shelley,bshelley1@senate.gov,4.148.58.93
3,Shayne,Werndly,swerndly2@elpais.com,201.216.74.82
4,Fanechka,Horsefield,fhorsefield3@tinyurl.com,194.56.244.185
5,Amalita,Clerk,aclerk4@dmoz.org,64.48.91.241
6,Adel,Agglione,aagglione5@scribd.com,193.191.186.188
7,Pierette,Ickovici,pickovici6@cdc.gov,35.6.47.23
8,Lovell,Ellwand,lellwand7@weibo.com,205.189.167.48
9,Morgan,Fullwood,mfullwood8@bravesites.com,165.3.208.253
10,Payton,Marle,pmarle9@buzzfeed.com,186.223.126.4
